name,email,roll_number,year,semester,department_code,branch,section
"Arjun Das","arjun.das1@student.university.edu","2025AM0001",1,1,"CSE","AIML","AIML-A"
"Ayaan Das","ayaan.das2@student.university.edu","2025AM0002",1,1,"CSE","AIML","AIML-A"
"Aditi Nair","aditi.nair3@student.university.edu","2025AM0003",1,1,"CSE","AIML","AIML-A"
"Krishna Sharma","krishna.sharma4@student.university.edu","2025AM0004",1,1,"CSE","AIML","AIML-A"
"Ananya Das","ananya.das5@student.university.edu","2025AM0005",1,1,"CSE","AIML","AIML-A"
"Reyansh Rao","reyansh.rao6@student.university.edu","2025AM0006",1,1,"CSE","AIML","AIML-A"
"Aditya Rao","aditya.rao7@student.university.edu","2025AM0007",1,1,"CSE","AIML","AIML-A"
"Sai Singh","sai.singh8@student.university.edu","2025AM0008",1,1,"CSE","AIML","AIML-A"
"Riya Sharma","riya.sharma9@student.university.edu","2025AM0009",1,1,"CSE","AIML","AIML-A"
"Arjun Reddy","arjun.reddy10@student.university.edu","2025AM0010",1,1,"CSE","AIML","AIML-A"
"Diya Banerjee","diya.banerjee11@student.university.edu","2025AM0011",1,1,"CSE","AIML","AIML-A"
"Ananya Agarwal","ananya.agarwal12@student.university.edu","2025AM0012",1,1,"CSE","AIML","AIML-A"
"Anika Singh","anika.singh13@student.university.edu","2025AM0013",1,1,"CSE","AIML","AIML-A"
"Isha Rao","isha.rao14@student.university.edu","2025AM0014",1,1,"CSE","AIML","AIML-A"
"Ananya Shah","ananya.shah15@student.university.edu","2025AM0015",1,1,"CSE","AIML","AIML-A"
"Meera Roy","meera.roy16@student.university.edu","2025AM0016",1,1,"CSE","AIML","AIML-A"
"Diya Das","diya.das17@student.university.edu","2025AM0017",1,1,"CSE","AIML","AIML-A"
"Ananya Banerjee","ananya.banerjee18@student.university.edu","2025AM0018",1,1,"CSE","AIML","AIML-A"
"Meera Jain","meera.jain19@student.university.edu","2025AM0019",1,1,"CSE","AIML","AIML-A"
"Kavya Iyer","kavya.iyer20@student.university.edu","2025AM0020",1,1,"CSE","AIML","AIML-A"
"Aarav Jain","aarav.jain21@student.university.edu","2025AM0021",1,1,"CSE","AIML","AIML-A"
"Ayaan Ghosh","ayaan.ghosh22@student.university.edu","2025AM0022",1,1,"CSE","AIML","AIML-A"
"Ananya Chakraborty","ananya.chakraborty23@student.university.edu","2025AM0023",1,1,"CSE","AIML","AIML-A"
"Meera Mukherjee","meera.mukherjee24@student.university.edu","2025AM0024",1,1,"CSE","AIML","AIML-A"
"Sai Iyer","sai.iyer25@student.university.edu","2025AM0025",1,1,"CSE","AIML","AIML-A"
"Priya Gupta","priya.gupta26@student.university.edu","2025AM0026",1,1,"CSE","AIML","AIML-A"
"Riya Ghosh","riya.ghosh27@student.university.edu","2025AM0027",1,1,"CSE","AIML","AIML-A"
"Riya Verma","riya.verma28@student.university.edu","2025AM0028",1,1,"CSE","AIML","AIML-A"
"Vivaan Ghosh","vivaan.ghosh29@student.university.edu","2025AM0029",1,1,"CSE","AIML","AIML-A"
"Kavya Agarwal","kavya.agarwal30@student.university.edu","2025AM0030",1,1,"CSE","AIML","AIML-A"
"Arjun Sharma","arjun.sharma31@student.university.edu","2025AM0031",1,1,"CSE","AIML","AIML-A"
"Kavya Sharma","kavya.sharma32@student.university.edu","2025AM0032",1,1,"CSE","AIML","AIML-A"
"Meera Mukherjee","meera.mukherjee33@student.university.edu","2025AM0033",1,1,"CSE","AIML","AIML-A"
"Aditya Gupta","aditya.gupta34@student.university.edu","2025AM0034",1,1,"CSE","AIML","AIML-A"
"Aditya Iyer","aditya.iyer35@student.university.edu","2025AM0035",1,1,"CSE","AIML","AIML-A"
"Ishaan Roy","ishaan.roy36@student.university.edu","2025AM0036",1,1,"CSE","AIML","AIML-A"
"Aarav Jain","aarav.jain37@student.university.edu","2025AM0037",1,1,"CSE","AIML","AIML-A"
"Aarav Verma","aarav.verma38@student.university.edu","2025AM0038",1,1,"CSE","AIML","AIML-A"
"Priya Patel","priya.patel39@student.university.edu","2025AM0039",1,1,"CSE","AIML","AIML-A"
"Isha Ghosh","isha.ghosh40@student.university.edu","2025AM0040",1,1,"CSE","AIML","AIML-A"
"Aarav Verma","aarav.verma41@student.university.edu","2025AM0041",1,1,"CSE","AIML","AIML-A"
"Aarav Das","aarav.das42@student.university.edu","2025AM0042",1,1,"CSE","AIML","AIML-A"
"Riya Iyer","riya.iyer43@student.university.edu","2025AM0043",1,1,"CSE","AIML","AIML-A"
"Vivaan Jain","vivaan.jain44@student.university.edu","2025AM0044",1,1,"CSE","AIML","AIML-A"
"Arjun Agarwal","arjun.agarwal45@student.university.edu","2025AM0045",1,1,"CSE","AIML","AIML-A"
"Kavya Chakraborty","kavya.chakraborty46@student.university.edu","2025AM0046",1,1,"CSE","AIML","AIML-A"
"Ishaan Das","ishaan.das47@student.university.edu","2025AM0047",1,1,"CSE","AIML","AIML-A"
"Sai Iyer","sai.iyer48@student.university.edu","2025AM0048",1,1,"CSE","AIML","AIML-A"
"Kavya Singh","kavya.singh49@student.university.edu","2025AM0049",1,1,"CSE","AIML","AIML-A"
"Ayaan Gupta","ayaan.gupta50@student.university.edu","2025AM0050",1,1,"CSE","AIML","AIML-A"
"Aarav Das","aarav.das51@student.university.edu","2025AM0051",1,1,"CSE","AIML","AIML-A"
"Priya Shah","priya.shah52@student.university.edu","2025AM0052",1,1,"CSE","AIML","AIML-A"
"Anika Roy","anika.roy53@student.university.edu","2025AM0053",1,1,"CSE","AIML","AIML-A"
"Isha Gupta","isha.gupta54@student.university.edu","2025AM0054",1,1,"CSE","AIML","AIML-A"
"Meera Mukherjee","meera.mukherjee55@student.university.edu","2025AM0055",1,1,"CSE","AIML","AIML-A"
"Isha Agarwal","isha.agarwal56@student.university.edu","2025AM0056",1,1,"CSE","AIML","AIML-A"
"Isha Shah","isha.shah57@student.university.edu","2025AM0057",1,1,"CSE","AIML","AIML-A"
"Meera Shah","meera.shah58@student.university.edu","2025AM0058",1,1,"CSE","AIML","AIML-A"
"Kavya Roy","kavya.roy59@student.university.edu","2025AM0059",1,1,"CSE","AIML","AIML-A"
"Aditya Ghosh","aditya.ghosh60@student.university.edu","2025AM0060",1,1,"CSE","AIML","AIML-A"
"Anika Mukherjee","anika.mukherjee61@student.university.edu","2025AM0061",1,1,"CSE","AIML","AIML-A"
"Priya Singh","priya.singh62@student.university.edu","2025AM0062",1,1,"CSE","AIML","AIML-A"
"Aditi Ghosh","aditi.ghosh63@student.university.edu","2025AM0063",1,1,"CSE","AIML","AIML-A"
"Isha Patel","isha.patel64@student.university.edu","2025AM0064",1,1,"CSE","AIML","AIML-A"
"Priya Verma","priya.verma65@student.university.edu","2025AM0065",1,1,"CSE","AIML","AIML-A"
"Aarav Rao","aarav.rao66@student.university.edu","2025AM0066",1,1,"CSE","AIML","AIML-A"
"Reyansh Shah","reyansh.shah67@student.university.edu","2025AM0067",1,1,"CSE","AIML","AIML-A"
"Arjun Kumar","arjun.kumar68@student.university.edu","2025AM0068",1,1,"CSE","AIML","AIML-A"
"Aarav Gupta","aarav.gupta69@student.university.edu","2025AM0069",1,1,"CSE","AIML","AIML-A"
"Sai Verma","sai.verma70@student.university.edu","2025AM0070",1,1,"CSE","AIML","AIML-A"
"Meera Mukherjee","meera.mukherjee71@student.university.edu","2025AM0071",1,1,"CSE","AIML","AIML-A"
"Anika Gupta","anika.gupta72@student.university.edu","2025AM0072",1,1,"CSE","AIML","AIML-A"
"Diya Das","diya.das73@student.university.edu","2025AM0073",1,1,"CSE","AIML","AIML-A"
"Diya Banerjee","diya.banerjee74@student.university.edu","2025AM0074",1,1,"CSE","AIML","AIML-A"
"Diya Agarwal","diya.agarwal75@student.university.edu","2025AM0075",1,1,"CSE","AIML","AIML-A"
"Ishaan Gupta","ishaan.gupta76@student.university.edu","2025AM0076",1,1,"CSE","AIML","AIML-B"
"Isha Banerjee","isha.banerjee77@student.university.edu","2025AM0077",1,1,"CSE","AIML","AIML-B"
"Vivaan Shah","vivaan.shah78@student.university.edu","2025AM0078",1,1,"CSE","AIML","AIML-B"
"Reyansh Banerjee","reyansh.banerjee79@student.university.edu","2025AM0079",1,1,"CSE","AIML","AIML-B"
"Riya Gupta","riya.gupta80@student.university.edu","2025AM0080",1,1,"CSE","AIML","AIML-B"
"Meera Verma","meera.verma81@student.university.edu","2025AM0081",1,1,"CSE","AIML","AIML-B"
"Krishna Agarwal","krishna.agarwal82@student.university.edu","2025AM0082",1,1,"CSE","AIML","AIML-B"
"Riya Roy","riya.roy83@student.university.edu","2025AM0083",1,1,"CSE","AIML","AIML-B"
"Vihaan Agarwal","vihaan.agarwal84@student.university.edu","2025AM0084",1,1,"CSE","AIML","AIML-B"
"Reyansh Mukherjee","reyansh.mukherjee85@student.university.edu","2025AM0085",1,1,"CSE","AIML","AIML-B"
"Anika Singh","anika.singh86@student.university.edu","2025AM0086",1,1,"CSE","AIML","AIML-B"
"Kavya Agarwal","kavya.agarwal87@student.university.edu","2025AM0087",1,1,"CSE","AIML","AIML-B"
"Aditi Patel","aditi.patel88@student.university.edu","2025AM0088",1,1,"CSE","AIML","AIML-B"
"Ishaan Reddy","ishaan.reddy89@student.university.edu","2025AM0089",1,1,"CSE","AIML","AIML-B"
"Sai Singh","sai.singh90@student.university.edu","2025AM0090",1,1,"CSE","AIML","AIML-B"
"Meera Patel","meera.patel91@student.university.edu","2025AM0091",1,1,"CSE","AIML","AIML-B"
"Sara Agarwal","sara.agarwal92@student.university.edu","2025AM0092",1,1,"CSE","AIML","AIML-B"
"Reyansh Sharma","reyansh.sharma93@student.university.edu","2025AM0093",1,1,"CSE","AIML","AIML-B"
"Priya Chakraborty","priya.chakraborty94@student.university.edu","2025AM0094",1,1,"CSE","AIML","AIML-B"
"Sai Mukherjee","sai.mukherjee95@student.university.edu","2025AM0095",1,1,"CSE","AIML","AIML-B"
"Vivaan Jain","vivaan.jain96@student.university.edu","2025AM0096",1,1,"CSE","AIML","AIML-B"
"Anika Jain","anika.jain97@student.university.edu","2025AM0097",1,1,"CSE","AIML","AIML-B"
"Ananya Shah","ananya.shah98@student.university.edu","2025AM0098",1,1,"CSE","AIML","AIML-B"
"Anika Iyer","anika.iyer99@student.university.edu","2025AM0099",1,1,"CSE","AIML","AIML-B"
"Diya Reddy","diya.reddy100@student.university.edu","2025AM0100",1,1,"CSE","AIML","AIML-B"
"Isha Banerjee","isha.banerjee101@student.university.edu","2025AM0101",1,1,"CSE","AIML","AIML-B"
"Reyansh Chakraborty","reyansh.chakraborty102@student.university.edu","2025AM0102",1,1,"CSE","AIML","AIML-B"
"Vihaan Mehta","vihaan.mehta103@student.university.edu","2025AM0103",1,1,"CSE","AIML","AIML-B"
"Vivaan Mehta","vivaan.mehta104@student.university.edu","2025AM0104",1,1,"CSE","AIML","AIML-B"
"Priya Singh","priya.singh105@student.university.edu","2025AM0105",1,1,"CSE","AIML","AIML-B"
"Diya Banerjee","diya.banerjee106@student.university.edu","2025AM0106",1,1,"CSE","AIML","AIML-B"
"Vivaan Jain","vivaan.jain107@student.university.edu","2025AM0107",1,1,"CSE","AIML","AIML-B"
"Aditi Chakraborty","aditi.chakraborty108@student.university.edu","2025AM0108",1,1,"CSE","AIML","AIML-B"
"Reyansh Das","reyansh.das109@student.university.edu","2025AM0109",1,1,"CSE","AIML","AIML-B"
"Reyansh Singh","reyansh.singh110@student.university.edu","2025AM0110",1,1,"CSE","AIML","AIML-B"
"Priya Patel","priya.patel111@student.university.edu","2025AM0111",1,1,"CSE","AIML","AIML-B"
"Sara Verma","sara.verma112@student.university.edu","2025AM0112",1,1,"CSE","AIML","AIML-B"
"Ishaan Reddy","ishaan.reddy113@student.university.edu","2025AM0113",1,1,"CSE","AIML","AIML-B"
"Isha Kumar","isha.kumar114@student.university.edu","2025AM0114",1,1,"CSE","AIML","AIML-B"
"Isha Iyer","isha.iyer115@student.university.edu","2025AM0115",1,1,"CSE","AIML","AIML-B"
"Priya Shah","priya.shah116@student.university.edu","2025AM0116",1,1,"CSE","AIML","AIML-B"
"Priya Reddy","priya.reddy117@student.university.edu","2025AM0117",1,1,"CSE","AIML","AIML-B"
"Aarav Patel","aarav.patel118@student.university.edu","2025AM0118",1,1,"CSE","AIML","AIML-B"
"Aditi Singh","aditi.singh119@student.university.edu","2025AM0119",1,1,"CSE","AIML","AIML-B"
"Meera Das","meera.das120@student.university.edu","2025AM0120",1,1,"CSE","AIML","AIML-B"
"Ishaan Iyer","ishaan.iyer121@student.university.edu","2025AM0121",1,1,"CSE","AIML","AIML-B"
"Vivaan Rao","vivaan.rao122@student.university.edu","2025AM0122",1,1,"CSE","AIML","AIML-B"
"Krishna Gupta","krishna.gupta123@student.university.edu","2025AM0123",1,1,"CSE","AIML","AIML-B"
"Krishna Shah","krishna.shah124@student.university.edu","2025AM0124",1,1,"CSE","AIML","AIML-B"
"Priya Das","priya.das125@student.university.edu","2025AM0125",1,1,"CSE","AIML","AIML-B"
"Ishaan Shah","ishaan.shah126@student.university.edu","2025AM0126",1,1,"CSE","AIML","AIML-B"
"Reyansh Sharma","reyansh.sharma127@student.university.edu","2025AM0127",1,1,"CSE","AIML","AIML-B"
"Ayaan Mukherjee","ayaan.mukherjee128@student.university.edu","2025AM0128",1,1,"CSE","AIML","AIML-B"
"Sara Chakraborty","sara.chakraborty129@student.university.edu","2025AM0129",1,1,"CSE","AIML","AIML-B"
"Isha Patel","isha.patel130@student.university.edu","2025AM0130",1,1,"CSE","AIML","AIML-B"
"Diya Singh","diya.singh131@student.university.edu","2025AM0131",1,1,"CSE","AIML","AIML-B"
"Sara Mehta","sara.mehta132@student.university.edu","2025AM0132",1,1,"CSE","AIML","AIML-B"
"Meera Patel","meera.patel133@student.university.edu","2025AM0133",1,1,"CSE","AIML","AIML-B"
"Priya Ghosh","priya.ghosh134@student.university.edu","2025AM0134",1,1,"CSE","AIML","AIML-B"
"Diya Rao","diya.rao135@student.university.edu","2025AM0135",1,1,"CSE","AIML","AIML-B"
"Riya Verma","riya.verma136@student.university.edu","2025AM0136",1,1,"CSE","AIML","AIML-B"
"Aarav Rao","aarav.rao137@student.university.edu","2025AM0137",1,1,"CSE","AIML","AIML-B"
"Arjun Kumar","arjun.kumar138@student.university.edu","2025AM0138",1,1,"CSE","AIML","AIML-B"
"Sara Jain","sara.jain139@student.university.edu","2025AM0139",1,1,"CSE","AIML","AIML-B"
"Aditya Roy","aditya.roy140@student.university.edu","2025AM0140",1,1,"CSE","AIML","AIML-B"
"Sara Shah","sara.shah141@student.university.edu","2025AM0141",1,1,"CSE","AIML","AIML-B"
"Arjun Gupta","arjun.gupta142@student.university.edu","2025AM0142",1,1,"CSE","AIML","AIML-B"
"Anika Mukherjee","anika.mukherjee143@student.university.edu","2025AM0143",1,1,"CSE","AIML","AIML-B"
"Vivaan Agarwal","vivaan.agarwal144@student.university.edu","2025AM0144",1,1,"CSE","AIML","AIML-B"
"Aditi Rao","aditi.rao145@student.university.edu","2025AM0145",1,1,"CSE","AIML","AIML-B"
"Aarav Iyer","aarav.iyer146@student.university.edu","2025AM0146",1,1,"CSE","AIML","AIML-B"
"Kavya Rao","kavya.rao147@student.university.edu","2025AM0147",1,1,"CSE","AIML","AIML-B"
"Reyansh Mehta","reyansh.mehta148@student.university.edu","2025AM0148",1,1,"CSE","AIML","AIML-B"
"Ishaan Gupta","ishaan.gupta149@student.university.edu","2025AM0149",1,1,"CSE","AIML","AIML-B"
"Kavya Mukherjee","kavya.mukherjee150@student.university.edu","2025AM0150",1,1,"CSE","AIML","AIML-B"
"Priya Roy","priya.roy151@student.university.edu","2025AI0151",1,1,"CSE","AI","AI-A"
"Arjun Roy","arjun.roy152@student.university.edu","2025AI0152",1,1,"CSE","AI","AI-A"
"Krishna Jain","krishna.jain153@student.university.edu","2025AI0153",1,1,"CSE","AI","AI-A"
"Diya Chakraborty","diya.chakraborty154@student.university.edu","2025AI0154",1,1,"CSE","AI","AI-A"
"Aditya Mehta","aditya.mehta155@student.university.edu","2025AI0155",1,1,"CSE","AI","AI-A"
"Aditya Sharma","aditya.sharma156@student.university.edu","2025AI0156",1,1,"CSE","AI","AI-A"
"Ananya Gupta","ananya.gupta157@student.university.edu","2025AI0157",1,1,"CSE","AI","AI-A"
"Reyansh Shah","reyansh.shah158@student.university.edu","2025AI0158",1,1,"CSE","AI","AI-A"
"Sai Jain","sai.jain159@student.university.edu","2025AI0159",1,1,"CSE","AI","AI-A"
"Priya Ghosh","priya.ghosh160@student.university.edu","2025AI0160",1,1,"CSE","AI","AI-A"
"Riya Sharma","riya.sharma161@student.university.edu","2025AI0161",1,1,"CSE","AI","AI-A"
"Ayaan Ghosh","ayaan.ghosh162@student.university.edu","2025AI0162",1,1,"CSE","AI","AI-A"
"Ananya Das","ananya.das163@student.university.edu","2025AI0163",1,1,"CSE","AI","AI-A"
"Sara Shah","sara.shah164@student.university.edu","2025AI0164",1,1,"CSE","AI","AI-A"
"Aditya Kumar","aditya.kumar165@student.university.edu","2025AI0165",1,1,"CSE","AI","AI-A"
"Arjun Das","arjun.das166@student.university.edu","2025AI0166",1,1,"CSE","AI","AI-A"
"Reyansh Nair","reyansh.nair167@student.university.edu","2025AI0167",1,1,"CSE","AI","AI-A"
"Anika Rao","anika.rao168@student.university.edu","2025AI0168",1,1,"CSE","AI","AI-A"
"Ishaan Verma","ishaan.verma169@student.university.edu","2025AI0169",1,1,"CSE","AI","AI-A"
"Anika Banerjee","anika.banerjee170@student.university.edu","2025AI0170",1,1,"CSE","AI","AI-A"
"Riya Roy","riya.roy171@student.university.edu","2025AI0171",1,1,"CSE","AI","AI-A"
"Aditi Iyer","aditi.iyer172@student.university.edu","2025AI0172",1,1,"CSE","AI","AI-A"
"Isha Singh","isha.singh173@student.university.edu","2025AI0173",1,1,"CSE","AI","AI-A"
"Krishna Nair","krishna.nair174@student.university.edu","2025AI0174",1,1,"CSE","AI","AI-A"
"Ananya Verma","ananya.verma175@student.university.edu","2025AI0175",1,1,"CSE","AI","AI-A"
"Kavya Banerjee","kavya.banerjee176@student.university.edu","2025AI0176",1,1,"CSE","AI","AI-A"
"Meera Patel","meera.patel177@student.university.edu","2025AI0177",1,1,"CSE","AI","AI-A"
"Ananya Shah","ananya.shah178@student.university.edu","2025AI0178",1,1,"CSE","AI","AI-A"
"Reyansh Singh","reyansh.singh179@student.university.edu","2025AI0179",1,1,"CSE","AI","AI-A"
"Aarav Mehta","aarav.mehta180@student.university.edu","2025AI0180",1,1,"CSE","AI","AI-A"
"Diya Chakraborty","diya.chakraborty181@student.university.edu","2025AI0181",1,1,"CSE","AI","AI-A"
"Diya Singh","diya.singh182@student.university.edu","2025AI0182",1,1,"CSE","AI","AI-A"
"Diya Roy","diya.roy183@student.university.edu","2025AI0183",1,1,"CSE","AI","AI-A"
"Sai Chakraborty","sai.chakraborty184@student.university.edu","2025AI0184",1,1,"CSE","AI","AI-A"
"Vihaan Rao","vihaan.rao185@student.university.edu","2025AI0185",1,1,"CSE","AI","AI-A"
"Sara Mehta","sara.mehta186@student.university.edu","2025AI0186",1,1,"CSE","AI","AI-A"
"Diya Verma","diya.verma187@student.university.edu","2025AI0187",1,1,"CSE","AI","AI-A"
"Sara Shah","sara.shah188@student.university.edu","2025AI0188",1,1,"CSE","AI","AI-A"
"Aditya Rao","aditya.rao189@student.university.edu","2025AI0189",1,1,"CSE","AI","AI-A"
"Priya Kumar","priya.kumar190@student.university.edu","2025AI0190",1,1,"CSE","AI","AI-A"
"Krishna Iyer","krishna.iyer191@student.university.edu","2025AI0191",1,1,"CSE","AI","AI-A"
"Aditya Ghosh","aditya.ghosh192@student.university.edu","2025AI0192",1,1,"CSE","AI","AI-A"
"Arjun Kumar","arjun.kumar193@student.university.edu","2025AI0193",1,1,"CSE","AI","AI-A"
"Vivaan Chakraborty","vivaan.chakraborty194@student.university.edu","2025AI0194",1,1,"CSE","AI","AI-A"
"Diya Nair","diya.nair195@student.university.edu","2025AI0195",1,1,"CSE","AI","AI-A"
"Ayaan Das","ayaan.das196@student.university.edu","2025AI0196",1,1,"CSE","AI","AI-A"
"Priya Mehta","priya.mehta197@student.university.edu","2025AI0197",1,1,"CSE","AI","AI-A"
"Ayaan Banerjee","ayaan.banerjee198@student.university.edu","2025AI0198",1,1,"CSE","AI","AI-A"
"Aarav Ghosh","aarav.ghosh199@student.university.edu","2025AI0199",1,1,"CSE","AI","AI-A"
"Meera Sharma","meera.sharma200@student.university.edu","2025AI0200",1,1,"CSE","AI","AI-A"
"Priya Sharma","priya.sharma201@student.university.edu","2025AI0201",1,1,"CSE","AI","AI-A"
"Aditi Kumar","aditi.kumar202@student.university.edu","2025AI0202",1,1,"CSE","AI","AI-A"
"Aarav Rao","aarav.rao203@student.university.edu","2025AI0203",1,1,"CSE","AI","AI-A"
"Anika Rao","anika.rao204@student.university.edu","2025AI0204",1,1,"CSE","AI","AI-A"
"Vivaan Banerjee","vivaan.banerjee205@student.university.edu","2025AI0205",1,1,"CSE","AI","AI-A"
"Reyansh Reddy","reyansh.reddy206@student.university.edu","2025AI0206",1,1,"CSE","AI","AI-A"
"Aditya Agarwal","aditya.agarwal207@student.university.edu","2025AI0207",1,1,"CSE","AI","AI-A"
"Ayaan Jain","ayaan.jain208@student.university.edu","2025AI0208",1,1,"CSE","AI","AI-A"
"Meera Roy","meera.roy209@student.university.edu","2025AI0209",1,1,"CSE","AI","AI-A"
"Anika Gupta","anika.gupta210@student.university.edu","2025AI0210",1,1,"CSE","AI","AI-A"
"Ayaan Reddy","ayaan.reddy211@student.university.edu","2025AI0211",1,1,"CSE","AI","AI-A"
"Anika Roy","anika.roy212@student.university.edu","2025AI0212",1,1,"CSE","AI","AI-A"
"Krishna Chakraborty","krishna.chakraborty213@student.university.edu","2025AI0213",1,1,"CSE","AI","AI-A"
"Aditi Roy","aditi.roy214@student.university.edu","2025AI0214",1,1,"CSE","AI","AI-A"
"Aditya Mukherjee","aditya.mukherjee215@student.university.edu","2025AI0215",1,1,"CSE","AI","AI-A"
"Vihaan Shah","vihaan.shah216@student.university.edu","2025AI0216",1,1,"CSE","AI","AI-A"
"Meera Roy","meera.roy217@student.university.edu","2025AI0217",1,1,"CSE","AI","AI-A"
"Meera Gupta","meera.gupta218@student.university.edu","2025AI0218",1,1,"CSE","AI","AI-A"
"Anika Rao","anika.rao219@student.university.edu","2025AI0219",1,1,"CSE","AI","AI-A"
"Arjun Gupta","arjun.gupta220@student.university.edu","2025AI0220",1,1,"CSE","AI","AI-A"
"Sai Mukherjee","sai.mukherjee221@student.university.edu","2025AI0221",1,1,"CSE","AI","AI-A"
"Isha Rao","isha.rao222@student.university.edu","2025AI0222",1,1,"CSE","AI","AI-A"
"Ananya Rao","ananya.rao223@student.university.edu","2025AI0223",1,1,"CSE","AI","AI-A"
"Vihaan Das","vihaan.das224@student.university.edu","2025AI0224",1,1,"CSE","AI","AI-A"
"Arjun Verma","arjun.verma225@student.university.edu","2025AI0225",1,1,"CSE","AI","AI-A"
"Sara Singh","sara.singh226@student.university.edu","2025AI0226",1,1,"CSE","AI","AI-B"
"Anika Iyer","anika.iyer227@student.university.edu","2025AI0227",1,1,"CSE","AI","AI-B"
"Kavya Shah","kavya.shah228@student.university.edu","2025AI0228",1,1,"CSE","AI","AI-B"
"Krishna Kumar","krishna.kumar229@student.university.edu","2025AI0229",1,1,"CSE","AI","AI-B"
"Riya Roy","riya.roy230@student.university.edu","2025AI0230",1,1,"CSE","AI","AI-B"
"Diya Singh","diya.singh231@student.university.edu","2025AI0231",1,1,"CSE","AI","AI-B"
"Aditya Banerjee","aditya.banerjee232@student.university.edu","2025AI0232",1,1,"CSE","AI","AI-B"
"Ishaan Singh","ishaan.singh233@student.university.edu","2025AI0233",1,1,"CSE","AI","AI-B"
"Aarav Mukherjee","aarav.mukherjee234@student.university.edu","2025AI0234",1,1,"CSE","AI","AI-B"
"Aditi Rao","aditi.rao235@student.university.edu","2025AI0235",1,1,"CSE","AI","AI-B"
"Arjun Ghosh","arjun.ghosh236@student.university.edu","2025AI0236",1,1,"CSE","AI","AI-B"
"Aarav Reddy","aarav.reddy237@student.university.edu","2025AI0237",1,1,"CSE","AI","AI-B"
"Ishaan Mehta","ishaan.mehta238@student.university.edu","2025AI0238",1,1,"CSE","AI","AI-B"
"Arjun Kumar","arjun.kumar239@student.university.edu","2025AI0239",1,1,"CSE","AI","AI-B"
"Aditya Jain","aditya.jain240@student.university.edu","2025AI0240",1,1,"CSE","AI","AI-B"
"Diya Jain","diya.jain241@student.university.edu","2025AI0241",1,1,"CSE","AI","AI-B"
"Kavya Agarwal","kavya.agarwal242@student.university.edu","2025AI0242",1,1,"CSE","AI","AI-B"
"Vivaan Kumar","vivaan.kumar243@student.university.edu","2025AI0243",1,1,"CSE","AI","AI-B"
"Priya Verma","priya.verma244@student.university.edu","2025AI0244",1,1,"CSE","AI","AI-B"
"Isha Mukherjee","isha.mukherjee245@student.university.edu","2025AI0245",1,1,"CSE","AI","AI-B"
"Aditya Mukherjee","aditya.mukherjee246@student.university.edu","2025AI0246",1,1,"CSE","AI","AI-B"
"Isha Ghosh","isha.ghosh247@student.university.edu","2025AI0247",1,1,"CSE","AI","AI-B"
"Aarav Roy","aarav.roy248@student.university.edu","2025AI0248",1,1,"CSE","AI","AI-B"
"Priya Sharma","priya.sharma249@student.university.edu","2025AI0249",1,1,"CSE","AI","AI-B"
"Sai Singh","sai.singh250@student.university.edu","2025AI0250",1,1,"CSE","AI","AI-B"
"Kavya Rao","kavya.rao251@student.university.edu","2025AI0251",1,1,"CSE","AI","AI-B"
"Ananya Singh","ananya.singh252@student.university.edu","2025AI0252",1,1,"CSE","AI","AI-B"
"Ayaan Mukherjee","ayaan.mukherjee253@student.university.edu","2025AI0253",1,1,"CSE","AI","AI-B"
"Ishaan Chakraborty","ishaan.chakraborty254@student.university.edu","2025AI0254",1,1,"CSE","AI","AI-B"
"Arjun Verma","arjun.verma255@student.university.edu","2025AI0255",1,1,"CSE","AI","AI-B"
"Ayaan Jain","ayaan.jain256@student.university.edu","2025AI0256",1,1,"CSE","AI","AI-B"
"Krishna Gupta","krishna.gupta257@student.university.edu","2025AI0257",1,1,"CSE","AI","AI-B"
"Sara Agarwal","sara.agarwal258@student.university.edu","2025AI0258",1,1,"CSE","AI","AI-B"
"Priya Gupta","priya.gupta259@student.university.edu","2025AI0259",1,1,"CSE","AI","AI-B"
"Ananya Jain","ananya.jain260@student.university.edu","2025AI0260",1,1,"CSE","AI","AI-B"
"Vivaan Sharma","vivaan.sharma261@student.university.edu","2025AI0261",1,1,"CSE","AI","AI-B"
"Kavya Sharma","kavya.sharma262@student.university.edu","2025AI0262",1,1,"CSE","AI","AI-B"
"Ishaan Mukherjee","ishaan.mukherjee263@student.university.edu","2025AI0263",1,1,"CSE","AI","AI-B"
"Ayaan Nair","ayaan.nair264@student.university.edu","2025AI0264",1,1,"CSE","AI","AI-B"
"Ananya Agarwal","ananya.agarwal265@student.university.edu","2025AI0265",1,1,"CSE","AI","AI-B"
"Anika Singh","anika.singh266@student.university.edu","2025AI0266",1,1,"CSE","AI","AI-B"
"Krishna Banerjee","krishna.banerjee267@student.university.edu","2025AI0267",1,1,"CSE","AI","AI-B"
"Priya Singh","priya.singh268@student.university.edu","2025AI0268",1,1,"CSE","AI","AI-B"
"Aditya Sharma","aditya.sharma269@student.university.edu","2025AI0269",1,1,"CSE","AI","AI-B"
"Kavya Mukherjee","kavya.mukherjee270@student.university.edu","2025AI0270",1,1,"CSE","AI","AI-B"
"Isha Shah","isha.shah271@student.university.edu","2025AI0271",1,1,"CSE","AI","AI-B"
"Kavya Banerjee","kavya.banerjee272@student.university.edu","2025AI0272",1,1,"CSE","AI","AI-B"
"Vivaan Shah","vivaan.shah273@student.university.edu","2025AI0273",1,1,"CSE","AI","AI-B"
"Krishna Singh","krishna.singh274@student.university.edu","2025AI0274",1,1,"CSE","AI","AI-B"
"Vivaan Nair","vivaan.nair275@student.university.edu","2025AI0275",1,1,"CSE","AI","AI-B"
"Aarav Mukherjee","aarav.mukherjee276@student.university.edu","2025AI0276",1,1,"CSE","AI","AI-B"
"Kavya Shah","kavya.shah277@student.university.edu","2025AI0277",1,1,"CSE","AI","AI-B"
"Isha Mukherjee","isha.mukherjee278@student.university.edu","2025AI0278",1,1,"CSE","AI","AI-B"
"Kavya Roy","kavya.roy279@student.university.edu","2025AI0279",1,1,"CSE","AI","AI-B"
"Priya Mukherjee","priya.mukherjee280@student.university.edu","2025AI0280",1,1,"CSE","AI","AI-B"
"Kavya Verma","kavya.verma281@student.university.edu","2025AI0281",1,1,"CSE","AI","AI-B"
"Vihaan Verma","vihaan.verma282@student.university.edu","2025AI0282",1,1,"CSE","AI","AI-B"
"Ishaan Verma","ishaan.verma283@student.university.edu","2025AI0283",1,1,"CSE","AI","AI-B"
"Sai Chakraborty","sai.chakraborty284@student.university.edu","2025AI0284",1,1,"CSE","AI","AI-B"
"Priya Chakraborty","priya.chakraborty285@student.university.edu","2025AI0285",1,1,"CSE","AI","AI-B"
"Riya Nair","riya.nair286@student.university.edu","2025AI0286",1,1,"CSE","AI","AI-B"
"Priya Kumar","priya.kumar287@student.university.edu","2025AI0287",1,1,"CSE","AI","AI-B"
"Arjun Kumar","arjun.kumar288@student.university.edu","2025AI0288",1,1,"CSE","AI","AI-B"
"Ishaan Mehta","ishaan.mehta289@student.university.edu","2025AI0289",1,1,"CSE","AI","AI-B"
"Sai Singh","sai.singh290@student.university.edu","2025AI0290",1,1,"CSE","AI","AI-B"
"Ishaan Shah","ishaan.shah291@student.university.edu","2025AI0291",1,1,"CSE","AI","AI-B"
"Diya Patel","diya.patel292@student.university.edu","2025AI0292",1,1,"CSE","AI","AI-B"
"Priya Banerjee","priya.banerjee293@student.university.edu","2025AI0293",1,1,"CSE","AI","AI-B"
"Reyansh Reddy","reyansh.reddy294@student.university.edu","2025AI0294",1,1,"CSE","AI","AI-B"
"Aditi Shah","aditi.shah295@student.university.edu","2025AI0295",1,1,"CSE","AI","AI-B"
"Aditi Roy","aditi.roy296@student.university.edu","2025AI0296",1,1,"CSE","AI","AI-B"
"Diya Ghosh","diya.ghosh297@student.university.edu","2025AI0297",1,1,"CSE","AI","AI-B"
"Vihaan Shah","vihaan.shah298@student.university.edu","2025AI0298",1,1,"CSE","AI","AI-B"
"Isha Mukherjee","isha.mukherjee299@student.university.edu","2025AI0299",1,1,"CSE","AI","AI-B"
"Sara Agarwal","sara.agarwal300@student.university.edu","2025AI0300",1,1,"CSE","AI","AI-B"
"Priya Mukherjee","priya.mukherjee301@student.university.edu","2025DS0301",1,1,"CSE","DS","DS-A"
"Priya Mukherjee","priya.mukherjee302@student.university.edu","2025DS0302",1,1,"CSE","DS","DS-A"
"Anika Ghosh","anika.ghosh303@student.university.edu","2025DS0303",1,1,"CSE","DS","DS-A"
"Sara Iyer","sara.iyer304@student.university.edu","2025DS0304",1,1,"CSE","DS","DS-A"
"Priya Verma","priya.verma305@student.university.edu","2025DS0305",1,1,"CSE","DS","DS-A"
"Ishaan Agarwal","ishaan.agarwal306@student.university.edu","2025DS0306",1,1,"CSE","DS","DS-A"
"Arjun Banerjee","arjun.banerjee307@student.university.edu","2025DS0307",1,1,"CSE","DS","DS-A"
"Priya Singh","priya.singh308@student.university.edu","2025DS0308",1,1,"CSE","DS","DS-A"
"Kavya Agarwal","kavya.agarwal309@student.university.edu","2025DS0309",1,1,"CSE","DS","DS-A"
"Reyansh Das","reyansh.das310@student.university.edu","2025DS0310",1,1,"CSE","DS","DS-A"
"Meera Ghosh","meera.ghosh311@student.university.edu","2025DS0311",1,1,"CSE","DS","DS-A"
"Aarav Gupta","aarav.gupta312@student.university.edu","2025DS0312",1,1,"CSE","DS","DS-A"
"Kavya Roy","kavya.roy313@student.university.edu","2025DS0313",1,1,"CSE","DS","DS-A"
"Aditi Kumar","aditi.kumar314@student.university.edu","2025DS0314",1,1,"CSE","DS","DS-A"
"Ayaan Banerjee","ayaan.banerjee315@student.university.edu","2025DS0315",1,1,"CSE","DS","DS-A"
"Riya Banerjee","riya.banerjee316@student.university.edu","2025DS0316",1,1,"CSE","DS","DS-A"
"Ayaan Rao","ayaan.rao317@student.university.edu","2025DS0317",1,1,"CSE","DS","DS-A"
"Aditya Chakraborty","aditya.chakraborty318@student.university.edu","2025DS0318",1,1,"CSE","DS","DS-A"
"Meera Nair","meera.nair319@student.university.edu","2025DS0319",1,1,"CSE","DS","DS-A"
"Arjun Patel","arjun.patel320@student.university.edu","2025DS0320",1,1,"CSE","DS","DS-A"
"Anika Agarwal","anika.agarwal321@student.university.edu","2025DS0321",1,1,"CSE","DS","DS-A"
"Diya Jain","diya.jain322@student.university.edu","2025DS0322",1,1,"CSE","DS","DS-A"
"Diya Rao","diya.rao323@student.university.edu","2025DS0323",1,1,"CSE","DS","DS-A"
"Sara Gupta","sara.gupta324@student.university.edu","2025DS0324",1,1,"CSE","DS","DS-A"
"Sara Sharma","sara.sharma325@student.university.edu","2025DS0325",1,1,"CSE","DS","DS-A"
"Isha Singh","isha.singh326@student.university.edu","2025DS0326",1,1,"CSE","DS","DS-A"
"Reyansh Banerjee","reyansh.banerjee327@student.university.edu","2025DS0327",1,1,"CSE","DS","DS-A"
"Vihaan Sharma","vihaan.sharma328@student.university.edu","2025DS0328",1,1,"CSE","DS","DS-A"
"Ayaan Mehta","ayaan.mehta329@student.university.edu","2025DS0329",1,1,"CSE","DS","DS-A"
"Arjun Das","arjun.das330@student.university.edu","2025DS0330",1,1,"CSE","DS","DS-A"
"Ananya Jain","ananya.jain331@student.university.edu","2025DS0331",1,1,"CSE","DS","DS-A"
"Ishaan Rao","ishaan.rao332@student.university.edu","2025DS0332",1,1,"CSE","DS","DS-A"
"Ayaan Iyer","ayaan.iyer333@student.university.edu","2025DS0333",1,1,"CSE","DS","DS-A"
"Kavya Roy","kavya.roy334@student.university.edu","2025DS0334",1,1,"CSE","DS","DS-A"
"Aarav Jain","aarav.jain335@student.university.edu","2025DS0335",1,1,"CSE","DS","DS-A"
"Ishaan Banerjee","ishaan.banerjee336@student.university.edu","2025DS0336",1,1,"CSE","DS","DS-A"
"Arjun Das","arjun.das337@student.university.edu","2025DS0337",1,1,"CSE","DS","DS-A"
"Reyansh Patel","reyansh.patel338@student.university.edu","2025DS0338",1,1,"CSE","DS","DS-A"
"Diya Ghosh","diya.ghosh339@student.university.edu","2025DS0339",1,1,"CSE","DS","DS-A"
"Vivaan Roy","vivaan.roy340@student.university.edu","2025DS0340",1,1,"CSE","DS","DS-A"
"Vivaan Jain","vivaan.jain341@student.university.edu","2025DS0341",1,1,"CSE","DS","DS-A"
"Meera Iyer","meera.iyer342@student.university.edu","2025DS0342",1,1,"CSE","DS","DS-A"
"Aarav Reddy","aarav.reddy343@student.university.edu","2025DS0343",1,1,"CSE","DS","DS-A"
"Ayaan Chakraborty","ayaan.chakraborty344@student.university.edu","2025DS0344",1,1,"CSE","DS","DS-A"
"Aditya Singh","aditya.singh345@student.university.edu","2025DS0345",1,1,"CSE","DS","DS-A"
"Sai Reddy","sai.reddy346@student.university.edu","2025DS0346",1,1,"CSE","DS","DS-A"
"Aarav Gupta","aarav.gupta347@student.university.edu","2025DS0347",1,1,"CSE","DS","DS-A"
"Riya Chakraborty","riya.chakraborty348@student.university.edu","2025DS0348",1,1,"CSE","DS","DS-A"
"Aditi Verma","aditi.verma349@student.university.edu","2025DS0349",1,1,"CSE","DS","DS-A"
"Anika Patel","anika.patel350@student.university.edu","2025DS0350",1,1,"CSE","DS","DS-A"
"Diya Rao","diya.rao351@student.university.edu","2025DS0351",1,1,"CSE","DS","DS-A"
"Riya Patel","riya.patel352@student.university.edu","2025DS0352",1,1,"CSE","DS","DS-A"
"Arjun Rao","arjun.rao353@student.university.edu","2025DS0353",1,1,"CSE","DS","DS-A"
"Meera Banerjee","meera.banerjee354@student.university.edu","2025DS0354",1,1,"CSE","DS","DS-A"
"Aarav Chakraborty","aarav.chakraborty355@student.university.edu","2025DS0355",1,1,"CSE","DS","DS-A"
"Aarav Agarwal","aarav.agarwal356@student.university.edu","2025DS0356",1,1,"CSE","DS","DS-A"
"Reyansh Kumar","reyansh.kumar357@student.university.edu","2025DS0357",1,1,"CSE","DS","DS-A"
"Aditya Gupta","aditya.gupta358@student.university.edu","2025DS0358",1,1,"CSE","DS","DS-A"
"Riya Chakraborty","riya.chakraborty359@student.university.edu","2025DS0359",1,1,"CSE","DS","DS-A"
"Diya Iyer","diya.iyer360@student.university.edu","2025DS0360",1,1,"CSE","DS","DS-A"
"Ishaan Singh","ishaan.singh361@student.university.edu","2025DS0361",1,1,"CSE","DS","DS-A"
"Isha Patel","isha.patel362@student.university.edu","2025DS0362",1,1,"CSE","DS","DS-A"
"Aditi Ghosh","aditi.ghosh363@student.university.edu","2025DS0363",1,1,"CSE","DS","DS-A"
"Vivaan Chakraborty","vivaan.chakraborty364@student.university.edu","2025DS0364",1,1,"CSE","DS","DS-A"
"Kavya Das","kavya.das365@student.university.edu","2025DS0365",1,1,"CSE","DS","DS-A"
"Aditi Reddy","aditi.reddy366@student.university.edu","2025DS0366",1,1,"CSE","DS","DS-A"
"Vihaan Jain","vihaan.jain367@student.university.edu","2025DS0367",1,1,"CSE","DS","DS-A"
"Krishna Agarwal","krishna.agarwal368@student.university.edu","2025DS0368",1,1,"CSE","DS","DS-A"
"Ishaan Iyer","ishaan.iyer369@student.university.edu","2025DS0369",1,1,"CSE","DS","DS-A"
"Riya Singh","riya.singh370@student.university.edu","2025DS0370",1,1,"CSE","DS","DS-A"
"Sara Ghosh","sara.ghosh371@student.university.edu","2025DS0371",1,1,"CSE","DS","DS-A"
"Aditi Reddy","aditi.reddy372@student.university.edu","2025DS0372",1,1,"CSE","DS","DS-A"
"Krishna Nair","krishna.nair373@student.university.edu","2025DS0373",1,1,"CSE","DS","DS-A"
"Isha Ghosh","isha.ghosh374@student.university.edu","2025DS0374",1,1,"CSE","DS","DS-A"
"Aditya Mukherjee","aditya.mukherjee375@student.university.edu","2025DS0375",1,1,"CSE","DS","DS-A"
"Vihaan Rao","vihaan.rao376@student.university.edu","2025DS0376",1,1,"CSE","DS","DS-B"
"Vihaan Shah","vihaan.shah377@student.university.edu","2025DS0377",1,1,"CSE","DS","DS-B"
"Ananya Reddy","ananya.reddy378@student.university.edu","2025DS0378",1,1,"CSE","DS","DS-B"
"Ishaan Singh","ishaan.singh379@student.university.edu","2025DS0379",1,1,"CSE","DS","DS-B"
"Aditi Singh","aditi.singh380@student.university.edu","2025DS0380",1,1,"CSE","DS","DS-B"
"Krishna Rao","krishna.rao381@student.university.edu","2025DS0381",1,1,"CSE","DS","DS-B"
"Vihaan Agarwal","vihaan.agarwal382@student.university.edu","2025DS0382",1,1,"CSE","DS","DS-B"
"Krishna Sharma","krishna.sharma383@student.university.edu","2025DS0383",1,1,"CSE","DS","DS-B"
"Diya Chakraborty","diya.chakraborty384@student.university.edu","2025DS0384",1,1,"CSE","DS","DS-B"
"Arjun Nair","arjun.nair385@student.university.edu","2025DS0385",1,1,"CSE","DS","DS-B"
"Vihaan Das","vihaan.das386@student.university.edu","2025DS0386",1,1,"CSE","DS","DS-B"
"Diya Patel","diya.patel387@student.university.edu","2025DS0387",1,1,"CSE","DS","DS-B"
"Aditya Jain","aditya.jain388@student.university.edu","2025DS0388",1,1,"CSE","DS","DS-B"
"Anika Jain","anika.jain389@student.university.edu","2025DS0389",1,1,"CSE","DS","DS-B"
"Anika Mehta","anika.mehta390@student.university.edu","2025DS0390",1,1,"CSE","DS","DS-B"
"Krishna Chakraborty","krishna.chakraborty391@student.university.edu","2025DS0391",1,1,"CSE","DS","DS-B"
"Kavya Rao","kavya.rao392@student.university.edu","2025DS0392",1,1,"CSE","DS","DS-B"
"Ananya Agarwal","ananya.agarwal393@student.university.edu","2025DS0393",1,1,"CSE","DS","DS-B"
"Ayaan Reddy","ayaan.reddy394@student.university.edu","2025DS0394",1,1,"CSE","DS","DS-B"
"Krishna Mukherjee","krishna.mukherjee395@student.university.edu","2025DS0395",1,1,"CSE","DS","DS-B"
"Sai Agarwal","sai.agarwal396@student.university.edu","2025DS0396",1,1,"CSE","DS","DS-B"
"Isha Reddy","isha.reddy397@student.university.edu","2025DS0397",1,1,"CSE","DS","DS-B"
"Aditi Gupta","aditi.gupta398@student.university.edu","2025DS0398",1,1,"CSE","DS","DS-B"
"Vihaan Kumar","vihaan.kumar399@student.university.edu","2025DS0399",1,1,"CSE","DS","DS-B"
"Meera Banerjee","meera.banerjee400@student.university.edu","2025DS0400",1,1,"CSE","DS","DS-B"
"Ishaan Rao","ishaan.rao401@student.university.edu","2025DS0401",1,1,"CSE","DS","DS-B"
"Sara Gupta","sara.gupta402@student.university.edu","2025DS0402",1,1,"CSE","DS","DS-B"
"Sara Verma","sara.verma403@student.university.edu","2025DS0403",1,1,"CSE","DS","DS-B"
"Ishaan Patel","ishaan.patel404@student.university.edu","2025DS0404",1,1,"CSE","DS","DS-B"
"Priya Iyer","priya.iyer405@student.university.edu","2025DS0405",1,1,"CSE","DS","DS-B"
"Riya Agarwal","riya.agarwal406@student.university.edu","2025DS0406",1,1,"CSE","DS","DS-B"
"Vihaan Jain","vihaan.jain407@student.university.edu","2025DS0407",1,1,"CSE","DS","DS-B"
"Kavya Singh","kavya.singh408@student.university.edu","2025DS0408",1,1,"CSE","DS","DS-B"
"Arjun Chakraborty","arjun.chakraborty409@student.university.edu","2025DS0409",1,1,"CSE","DS","DS-B"
"Krishna Agarwal","krishna.agarwal410@student.university.edu","2025DS0410",1,1,"CSE","DS","DS-B"
"Ananya Das","ananya.das411@student.university.edu","2025DS0411",1,1,"CSE","DS","DS-B"
"Aarav Reddy","aarav.reddy412@student.university.edu","2025DS0412",1,1,"CSE","DS","DS-B"
"Krishna Verma","krishna.verma413@student.university.edu","2025DS0413",1,1,"CSE","DS","DS-B"
"Ishaan Mukherjee","ishaan.mukherjee414@student.university.edu","2025DS0414",1,1,"CSE","DS","DS-B"
"Ananya Gupta","ananya.gupta415@student.university.edu","2025DS0415",1,1,"CSE","DS","DS-B"
"Aditya Patel","aditya.patel416@student.university.edu","2025DS0416",1,1,"CSE","DS","DS-B"
"Vivaan Patel","vivaan.patel417@student.university.edu","2025DS0417",1,1,"CSE","DS","DS-B"
"Aditi Chakraborty","aditi.chakraborty418@student.university.edu","2025DS0418",1,1,"CSE","DS","DS-B"
"Ayaan Patel","ayaan.patel419@student.university.edu","2025DS0419",1,1,"CSE","DS","DS-B"
"Reyansh Reddy","reyansh.reddy420@student.university.edu","2025DS0420",1,1,"CSE","DS","DS-B"
"Reyansh Rao","reyansh.rao421@student.university.edu","2025DS0421",1,1,"CSE","DS","DS-B"
"Anika Roy","anika.roy422@student.university.edu","2025DS0422",1,1,"CSE","DS","DS-B"
"Sai Shah","sai.shah423@student.university.edu","2025DS0423",1,1,"CSE","DS","DS-B"
"Reyansh Chakraborty","reyansh.chakraborty424@student.university.edu","2025DS0424",1,1,"CSE","DS","DS-B"
"Isha Reddy","isha.reddy425@student.university.edu","2025DS0425",1,1,"CSE","DS","DS-B"
"Reyansh Sharma","reyansh.sharma426@student.university.edu","2025DS0426",1,1,"CSE","DS","DS-B"
"Isha Singh","isha.singh427@student.university.edu","2025DS0427",1,1,"CSE","DS","DS-B"
"Vivaan Sharma","vivaan.sharma428@student.university.edu","2025DS0428",1,1,"CSE","DS","DS-B"
"Reyansh Nair","reyansh.nair429@student.university.edu","2025DS0429",1,1,"CSE","DS","DS-B"
"Ananya Iyer","ananya.iyer430@student.university.edu","2025DS0430",1,1,"CSE","DS","DS-B"
"Meera Kumar","meera.kumar431@student.university.edu","2025DS0431",1,1,"CSE","DS","DS-B"
"Ananya Mehta","ananya.mehta432@student.university.edu","2025DS0432",1,1,"CSE","DS","DS-B"
"Arjun Roy","arjun.roy433@student.university.edu","2025DS0433",1,1,"CSE","DS","DS-B"
"Ananya Patel","ananya.patel434@student.university.edu","2025DS0434",1,1,"CSE","DS","DS-B"
"Aditya Reddy","aditya.reddy435@student.university.edu","2025DS0435",1,1,"CSE","DS","DS-B"
"Krishna Das","krishna.das436@student.university.edu","2025DS0436",1,1,"CSE","DS","DS-B"
"Sara Mehta","sara.mehta437@student.university.edu","2025DS0437",1,1,"CSE","DS","DS-B"
"Isha Mukherjee","isha.mukherjee438@student.university.edu","2025DS0438",1,1,"CSE","DS","DS-B"
"Ayaan Gupta","ayaan.gupta439@student.university.edu","2025DS0439",1,1,"CSE","DS","DS-B"
"Anika Mukherjee","anika.mukherjee440@student.university.edu","2025DS0440",1,1,"CSE","DS","DS-B"
"Ananya Patel","ananya.patel441@student.university.edu","2025DS0441",1,1,"CSE","DS","DS-B"
"Sai Gupta","sai.gupta442@student.university.edu","2025DS0442",1,1,"CSE","DS","DS-B"
"Ayaan Chakraborty","ayaan.chakraborty443@student.university.edu","2025DS0443",1,1,"CSE","DS","DS-B"
"Aarav Iyer","aarav.iyer444@student.university.edu","2025DS0444",1,1,"CSE","DS","DS-B"
"Sai Gupta","sai.gupta445@student.university.edu","2025DS0445",1,1,"CSE","DS","DS-B"
"Meera Verma","meera.verma446@student.university.edu","2025DS0446",1,1,"CSE","DS","DS-B"
"Arjun Mehta","arjun.mehta447@student.university.edu","2025DS0447",1,1,"CSE","DS","DS-B"
"Sara Ghosh","sara.ghosh448@student.university.edu","2025DS0448",1,1,"CSE","DS","DS-B"
"Isha Gupta","isha.gupta449@student.university.edu","2025DS0449",1,1,"CSE","DS","DS-B"
"Riya Mehta","riya.mehta450@student.university.edu","2025DS0450",1,1,"CSE","DS","DS-B"
"Kavya Patel","kavya.patel451@student.university.edu","2025CS0451",1,1,"CSE","CSE","CSE-A"
"Aditya Rao","aditya.rao452@student.university.edu","2025CS0452",1,1,"CSE","CSE","CSE-A"
"Sara Mehta","sara.mehta453@student.university.edu","2025CS0453",1,1,"CSE","CSE","CSE-A"
"Ananya Patel","ananya.patel454@student.university.edu","2025CS0454",1,1,"CSE","CSE","CSE-A"
"Sai Agarwal","sai.agarwal455@student.university.edu","2025CS0455",1,1,"CSE","CSE","CSE-A"
"Vihaan Mehta","vihaan.mehta456@student.university.edu","2025CS0456",1,1,"CSE","CSE","CSE-A"
"Isha Patel","isha.patel457@student.university.edu","2025CS0457",1,1,"CSE","CSE","CSE-A"
"Priya Gupta","priya.gupta458@student.university.edu","2025CS0458",1,1,"CSE","CSE","CSE-A"
"Meera Chakraborty","meera.chakraborty459@student.university.edu","2025CS0459",1,1,"CSE","CSE","CSE-A"
"Isha Das","isha.das460@student.university.edu","2025CS0460",1,1,"CSE","CSE","CSE-A"
"Sara Singh","sara.singh461@student.university.edu","2025CS0461",1,1,"CSE","CSE","CSE-A"
"Diya Iyer","diya.iyer462@student.university.edu","2025CS0462",1,1,"CSE","CSE","CSE-A"
"Kavya Patel","kavya.patel463@student.university.edu","2025CS0463",1,1,"CSE","CSE","CSE-A"
"Priya Sharma","priya.sharma464@student.university.edu","2025CS0464",1,1,"CSE","CSE","CSE-A"
"Isha Kumar","isha.kumar465@student.university.edu","2025CS0465",1,1,"CSE","CSE","CSE-A"
"Meera Jain","meera.jain466@student.university.edu","2025CS0466",1,1,"CSE","CSE","CSE-A"
"Krishna Nair","krishna.nair467@student.university.edu","2025CS0467",1,1,"CSE","CSE","CSE-A"
"Riya Ghosh","riya.ghosh468@student.university.edu","2025CS0468",1,1,"CSE","CSE","CSE-A"
"Aditya Patel","aditya.patel469@student.university.edu","2025CS0469",1,1,"CSE","CSE","CSE-A"
"Sai Reddy","sai.reddy470@student.university.edu","2025CS0470",1,1,"CSE","CSE","CSE-A"
"Kavya Agarwal","kavya.agarwal471@student.university.edu","2025CS0471",1,1,"CSE","CSE","CSE-A"
"Ananya Nair","ananya.nair472@student.university.edu","2025CS0472",1,1,"CSE","CSE","CSE-A"
"Isha Mukherjee","isha.mukherjee473@student.university.edu","2025CS0473",1,1,"CSE","CSE","CSE-A"
"Sai Reddy","sai.reddy474@student.university.edu","2025CS0474",1,1,"CSE","CSE","CSE-A"
"Sai Chakraborty","sai.chakraborty475@student.university.edu","2025CS0475",1,1,"CSE","CSE","CSE-A"
"Priya Gupta","priya.gupta476@student.university.edu","2025CS0476",1,1,"CSE","CSE","CSE-A"
"Vihaan Verma","vihaan.verma477@student.university.edu","2025CS0477",1,1,"CSE","CSE","CSE-A"
"Vihaan Rao","vihaan.rao478@student.university.edu","2025CS0478",1,1,"CSE","CSE","CSE-A"
"Meera Sharma","meera.sharma479@student.university.edu","2025CS0479",1,1,"CSE","CSE","CSE-A"
"Arjun Mehta","arjun.mehta480@student.university.edu","2025CS0480",1,1,"CSE","CSE","CSE-A"
"Reyansh Ghosh","reyansh.ghosh481@student.university.edu","2025CS0481",1,1,"CSE","CSE","CSE-A"
"Sai Reddy","sai.reddy482@student.university.edu","2025CS0482",1,1,"CSE","CSE","CSE-A"
"Riya Mehta","riya.mehta483@student.university.edu","2025CS0483",1,1,"CSE","CSE","CSE-A"
"Vihaan Mehta","vihaan.mehta484@student.university.edu","2025CS0484",1,1,"CSE","CSE","CSE-A"
"Isha Jain","isha.jain485@student.university.edu","2025CS0485",1,1,"CSE","CSE","CSE-A"
"Aditya Jain","aditya.jain486@student.university.edu","2025CS0486",1,1,"CSE","CSE","CSE-A"
"Ishaan Rao","ishaan.rao487@student.university.edu","2025CS0487",1,1,"CSE","CSE","CSE-A"
"Ayaan Agarwal","ayaan.agarwal488@student.university.edu","2025CS0488",1,1,"CSE","CSE","CSE-A"
"Sara Patel","sara.patel489@student.university.edu","2025CS0489",1,1,"CSE","CSE","CSE-A"
"Kavya Reddy","kavya.reddy490@student.university.edu","2025CS0490",1,1,"CSE","CSE","CSE-A"
"Aditi Banerjee","aditi.banerjee491@student.university.edu","2025CS0491",1,1,"CSE","CSE","CSE-A"
"Aditya Reddy","aditya.reddy492@student.university.edu","2025CS0492",1,1,"CSE","CSE","CSE-A"
"Sara Das","sara.das493@student.university.edu","2025CS0493",1,1,"CSE","CSE","CSE-A"
"Anika Iyer","anika.iyer494@student.university.edu","2025CS0494",1,1,"CSE","CSE","CSE-A"
"Kavya Sharma","kavya.sharma495@student.university.edu","2025CS0495",1,1,"CSE","CSE","CSE-A"
"Isha Chakraborty","isha.chakraborty496@student.university.edu","2025CS0496",1,1,"CSE","CSE","CSE-A"
"Priya Mehta","priya.mehta497@student.university.edu","2025CS0497",1,1,"CSE","CSE","CSE-A"
"Krishna Ghosh","krishna.ghosh498@student.university.edu","2025CS0498",1,1,"CSE","CSE","CSE-A"
"Diya Singh","diya.singh499@student.university.edu","2025CS0499",1,1,"CSE","CSE","CSE-A"
"Ishaan Banerjee","ishaan.banerjee500@student.university.edu","2025CS0500",1,1,"CSE","CSE","CSE-A"
"Arjun Gupta","arjun.gupta501@student.university.edu","2025CS0501",1,1,"CSE","CSE","CSE-A"
"Sara Singh","sara.singh502@student.university.edu","2025CS0502",1,1,"CSE","CSE","CSE-A"
"Anika Kumar","anika.kumar503@student.university.edu","2025CS0503",1,1,"CSE","CSE","CSE-A"
"Krishna Gupta","krishna.gupta504@student.university.edu","2025CS0504",1,1,"CSE","CSE","CSE-A"
"Ananya Ghosh","ananya.ghosh505@student.university.edu","2025CS0505",1,1,"CSE","CSE","CSE-A"
"Reyansh Verma","reyansh.verma506@student.university.edu","2025CS0506",1,1,"CSE","CSE","CSE-A"
"Aditya Patel","aditya.patel507@student.university.edu","2025CS0507",1,1,"CSE","CSE","CSE-A"
"Reyansh Rao","reyansh.rao508@student.university.edu","2025CS0508",1,1,"CSE","CSE","CSE-A"
"Diya Kumar","diya.kumar509@student.university.edu","2025CS0509",1,1,"CSE","CSE","CSE-A"
"Ayaan Banerjee","ayaan.banerjee510@student.university.edu","2025CS0510",1,1,"CSE","CSE","CSE-A"
"Aditi Iyer","aditi.iyer511@student.university.edu","2025CS0511",1,1,"CSE","CSE","CSE-A"
"Sara Nair","sara.nair512@student.university.edu","2025CS0512",1,1,"CSE","CSE","CSE-A"
"Sai Sharma","sai.sharma513@student.university.edu","2025CS0513",1,1,"CSE","CSE","CSE-A"
"Isha Ghosh","isha.ghosh514@student.university.edu","2025CS0514",1,1,"CSE","CSE","CSE-A"
"Aditi Reddy","aditi.reddy515@student.university.edu","2025CS0515",1,1,"CSE","CSE","CSE-A"
"Meera Patel","meera.patel516@student.university.edu","2025CS0516",1,1,"CSE","CSE","CSE-A"
"Anika Gupta","anika.gupta517@student.university.edu","2025CS0517",1,1,"CSE","CSE","CSE-A"
"Aarav Gupta","aarav.gupta518@student.university.edu","2025CS0518",1,1,"CSE","CSE","CSE-A"
"Riya Patel","riya.patel519@student.university.edu","2025CS0519",1,1,"CSE","CSE","CSE-A"
"Aditi Sharma","aditi.sharma520@student.university.edu","2025CS0520",1,1,"CSE","CSE","CSE-A"
"Diya Das","diya.das521@student.university.edu","2025CS0521",1,1,"CSE","CSE","CSE-A"
"Vivaan Das","vivaan.das522@student.university.edu","2025CS0522",1,1,"CSE","CSE","CSE-A"
"Isha Chakraborty","isha.chakraborty523@student.university.edu","2025CS0523",1,1,"CSE","CSE","CSE-A"
"Vihaan Rao","vihaan.rao524@student.university.edu","2025CS0524",1,1,"CSE","CSE","CSE-A"
"Isha Mukherjee","isha.mukherjee525@student.university.edu","2025CS0525",1,1,"CSE","CSE","CSE-A"
"Sara Reddy","sara.reddy526@student.university.edu","2025CS0526",1,1,"CSE","CSE","CSE-B"
"Priya Agarwal","priya.agarwal527@student.university.edu","2025CS0527",1,1,"CSE","CSE","CSE-B"
"Meera Iyer","meera.iyer528@student.university.edu","2025CS0528",1,1,"CSE","CSE","CSE-B"
"Ishaan Singh","ishaan.singh529@student.university.edu","2025CS0529",1,1,"CSE","CSE","CSE-B"
"Sai Reddy","sai.reddy530@student.university.edu","2025CS0530",1,1,"CSE","CSE","CSE-B"
"Vivaan Verma","vivaan.verma531@student.university.edu","2025CS0531",1,1,"CSE","CSE","CSE-B"
"Kavya Ghosh","kavya.ghosh532@student.university.edu","2025CS0532",1,1,"CSE","CSE","CSE-B"
"Krishna Ghosh","krishna.ghosh533@student.university.edu","2025CS0533",1,1,"CSE","CSE","CSE-B"
"Priya Mehta","priya.mehta534@student.university.edu","2025CS0534",1,1,"CSE","CSE","CSE-B"
"Krishna Shah","krishna.shah535@student.university.edu","2025CS0535",1,1,"CSE","CSE","CSE-B"
"Reyansh Iyer","reyansh.iyer536@student.university.edu","2025CS0536",1,1,"CSE","CSE","CSE-B"
"Ananya Jain","ananya.jain537@student.university.edu","2025CS0537",1,1,"CSE","CSE","CSE-B"
"Aditi Verma","aditi.verma538@student.university.edu","2025CS0538",1,1,"CSE","CSE","CSE-B"
"Kavya Iyer","kavya.iyer539@student.university.edu","2025CS0539",1,1,"CSE","CSE","CSE-B"
"Diya Ghosh","diya.ghosh540@student.university.edu","2025CS0540",1,1,"CSE","CSE","CSE-B"
"Diya Reddy","diya.reddy541@student.university.edu","2025CS0541",1,1,"CSE","CSE","CSE-B"
"Diya Jain","diya.jain542@student.university.edu","2025CS0542",1,1,"CSE","CSE","CSE-B"
"Reyansh Das","reyansh.das543@student.university.edu","2025CS0543",1,1,"CSE","CSE","CSE-B"
"Riya Rao","riya.rao544@student.university.edu","2025CS0544",1,1,"CSE","CSE","CSE-B"
"Reyansh Agarwal","reyansh.agarwal545@student.university.edu","2025CS0545",1,1,"CSE","CSE","CSE-B"
"Sai Verma","sai.verma546@student.university.edu","2025CS0546",1,1,"CSE","CSE","CSE-B"
"Ishaan Sharma","ishaan.sharma547@student.university.edu","2025CS0547",1,1,"CSE","CSE","CSE-B"
"Aditya Agarwal","aditya.agarwal548@student.university.edu","2025CS0548",1,1,"CSE","CSE","CSE-B"
"Aarav Singh","aarav.singh549@student.university.edu","2025CS0549",1,1,"CSE","CSE","CSE-B"
"Kavya Nair","kavya.nair550@student.university.edu","2025CS0550",1,1,"CSE","CSE","CSE-B"
"Vihaan Nair","vihaan.nair551@student.university.edu","2025CS0551",1,1,"CSE","CSE","CSE-B"
"Aarav Jain","aarav.jain552@student.university.edu","2025CS0552",1,1,"CSE","CSE","CSE-B"
"Aditya Singh","aditya.singh553@student.university.edu","2025CS0553",1,1,"CSE","CSE","CSE-B"
"Aditya Mukherjee","aditya.mukherjee554@student.university.edu","2025CS0554",1,1,"CSE","CSE","CSE-B"
"Riya Shah","riya.shah555@student.university.edu","2025CS0555",1,1,"CSE","CSE","CSE-B"
"Isha Ghosh","isha.ghosh556@student.university.edu","2025CS0556",1,1,"CSE","CSE","CSE-B"
"Aditi Roy","aditi.roy557@student.university.edu","2025CS0557",1,1,"CSE","CSE","CSE-B"
"Krishna Sharma","krishna.sharma558@student.university.edu","2025CS0558",1,1,"CSE","CSE","CSE-B"
"Arjun Kumar","arjun.kumar559@student.university.edu","2025CS0559",1,1,"CSE","CSE","CSE-B"
"Kavya Roy","kavya.roy560@student.university.edu","2025CS0560",1,1,"CSE","CSE","CSE-B"
"Aarav Banerjee","aarav.banerjee561@student.university.edu","2025CS0561",1,1,"CSE","CSE","CSE-B"
"Vivaan Banerjee","vivaan.banerjee562@student.university.edu","2025CS0562",1,1,"CSE","CSE","CSE-B"
"Ananya Das","ananya.das563@student.university.edu","2025CS0563",1,1,"CSE","CSE","CSE-B"
"Reyansh Chakraborty","reyansh.chakraborty564@student.university.edu","2025CS0564",1,1,"CSE","CSE","CSE-B"
"Aarav Sharma","aarav.sharma565@student.university.edu","2025CS0565",1,1,"CSE","CSE","CSE-B"
"Aditi Banerjee","aditi.banerjee566@student.university.edu","2025CS0566",1,1,"CSE","CSE","CSE-B"
"Kavya Iyer","kavya.iyer567@student.university.edu","2025CS0567",1,1,"CSE","CSE","CSE-B"
"Ayaan Banerjee","ayaan.banerjee568@student.university.edu","2025CS0568",1,1,"CSE","CSE","CSE-B"
"Kavya Gupta","kavya.gupta569@student.university.edu","2025CS0569",1,1,"CSE","CSE","CSE-B"
"Sara Sharma","sara.sharma570@student.university.edu","2025CS0570",1,1,"CSE","CSE","CSE-B"
"Sara Singh","sara.singh571@student.university.edu","2025CS0571",1,1,"CSE","CSE","CSE-B"
"Reyansh Kumar","reyansh.kumar572@student.university.edu","2025CS0572",1,1,"CSE","CSE","CSE-B"
"Ishaan Patel","ishaan.patel573@student.university.edu","2025CS0573",1,1,"CSE","CSE","CSE-B"
"Priya Patel","priya.patel574@student.university.edu","2025CS0574",1,1,"CSE","CSE","CSE-B"
"Sara Nair","sara.nair575@student.university.edu","2025CS0575",1,1,"CSE","CSE","CSE-B"
"Aditya Gupta","aditya.gupta576@student.university.edu","2025CS0576",1,1,"CSE","CSE","CSE-B"
"Reyansh Patel","reyansh.patel577@student.university.edu","2025CS0577",1,1,"CSE","CSE","CSE-B"
"Riya Agarwal","riya.agarwal578@student.university.edu","2025CS0578",1,1,"CSE","CSE","CSE-B"
"Aarav Reddy","aarav.reddy579@student.university.edu","2025CS0579",1,1,"CSE","CSE","CSE-B"
"Kavya Reddy","kavya.reddy580@student.university.edu","2025CS0580",1,1,"CSE","CSE","CSE-B"
"Kavya Mehta","kavya.mehta581@student.university.edu","2025CS0581",1,1,"CSE","CSE","CSE-B"
"Krishna Roy","krishna.roy582@student.university.edu","2025CS0582",1,1,"CSE","CSE","CSE-B"
"Vivaan Singh","vivaan.singh583@student.university.edu","2025CS0583",1,1,"CSE","CSE","CSE-B"
"Reyansh Chakraborty","reyansh.chakraborty584@student.university.edu","2025CS0584",1,1,"CSE","CSE","CSE-B"
"Riya Roy","riya.roy585@student.university.edu","2025CS0585",1,1,"CSE","CSE","CSE-B"
"Riya Jain","riya.jain586@student.university.edu","2025CS0586",1,1,"CSE","CSE","CSE-B"
"Ayaan Agarwal","ayaan.agarwal587@student.university.edu","2025CS0587",1,1,"CSE","CSE","CSE-B"
"Ishaan Mukherjee","ishaan.mukherjee588@student.university.edu","2025CS0588",1,1,"CSE","CSE","CSE-B"
"Aditya Agarwal","aditya.agarwal589@student.university.edu","2025CS0589",1,1,"CSE","CSE","CSE-B"
"Krishna Reddy","krishna.reddy590@student.university.edu","2025CS0590",1,1,"CSE","CSE","CSE-B"
"Sai Shah","sai.shah591@student.university.edu","2025CS0591",1,1,"CSE","CSE","CSE-B"
"Aditya Verma","aditya.verma592@student.university.edu","2025CS0592",1,1,"CSE","CSE","CSE-B"
"Reyansh Kumar","reyansh.kumar593@student.university.edu","2025CS0593",1,1,"CSE","CSE","CSE-B"
"Aarav Reddy","aarav.reddy594@student.university.edu","2025CS0594",1,1,"CSE","CSE","CSE-B"
"Ishaan Jain","ishaan.jain595@student.university.edu","2025CS0595",1,1,"CSE","CSE","CSE-B"
"Vihaan Roy","vihaan.roy596@student.university.edu","2025CS0596",1,1,"CSE","CSE","CSE-B"
"Vivaan Das","vivaan.das597@student.university.edu","2025CS0597",1,1,"CSE","CSE","CSE-B"
"Ayaan Banerjee","ayaan.banerjee598@student.university.edu","2025CS0598",1,1,"CSE","CSE","CSE-B"
"Vivaan Roy","vivaan.roy599@student.university.edu","2025CS0599",1,1,"CSE","CSE","CSE-B"
"Ishaan Mehta","ishaan.mehta600@student.university.edu","2025CS0600",1,1,"CSE","CSE","CSE-B"
